003495c4cb6041c52db4b9f7ead95f05['T1003', 'T1036', 'T1059', 'T1070', 'T1071', 'T1083', 'T1105', 'T1140', 'T1204', 'T1555', 'T1566', 'T1571', 'T1573']
00a5d14f67e02675474f86e3bcd8fc53['T1003', 'T1005', 'T1021', 'T1036', 'T1041', 'T1059', 'T1070', 'T1071', 'T1082', 'T1083', 'T1105', 'T1204', 'T1566', 'T1571', 'T1573']
00fea4290c2fb473a36da40ac1987f35['T1071']
0140002374f73ac517d44f323403859c['T1070', 'T1071', 'T1083']
01586641483c72bfe461396e82938de6['T1059', 'T1071', 'T1566', 'T1571', 'T1573']
015e75440cc255f6b4858d8501e76ebc['T1003', 'T1021', 'T1036', 'T1041', 'T1053', 'T1059', 'T1070', 'T1071', 'T1082', 'T1083', 'T1105', 'T1140', 'T1204', 'T1555', 'T1571', 'T1573']
01af69275af6eeccfa6c8694afc082cb['T1003', 'T1036', 'T1059', 'T1070', 'T1071', 'T1083', 'T1105', 'T1140', 'T1204', 'T1555', 'T1571', 'T1573']
01bb042b327cff1636fe6f63ca6486dd['T1071', 'T1571', 'T1573']
01d8827a37e7b74025b812241357fdf7['T1003', 'T1021', 'T1036', 'T1041', 'T1059', 'T1070', 'T1071', 'T1083', 'T1105', 'T1132', 'T1140', 'T1204', 'T1555', 'T1566', 'T1571', 'T1573']
0200158454219b7ff0cea3627342f432['T1059', 'T1071', 'T1566', 'T1571', 'T1573']
0249aea54f37e73184effbbbab77ca5d['T1003', 'T1005', 'T1021', 'T1036', 'T1041', 'T1059', 'T1070', 'T1071', 'T1082', 'T1083', 'T1105', 'T1132', 'T1140', 'T1204', 'T1550', 'T1555', 'T1566', 'T1571', 'T1573']
027afafb816b2b862e5aa04f3b9a9b76['T1003', 'T1021', 'T1036', 'T1059', 'T1070', 'T1071', 'T1082', 'T1083', 'T1105', 'T1140', 'T1204', 'T1555', 'T1566', 'T1571', 'T1573']
02927babd4d8bdeda90a36b3603352d2['T1071', 'T1082', 'T1571', 'T1573']
0298ab76de52c42dde5bbaa2bd9a18fd['T1003', 'T1005', 'T1021', 'T1036', 'T1041', 'T1059', 'T1070', 'T1071', 'T1083', 'T1105', 'T1140', 'T1203', 'T1204', 'T1218', 'T1555', 'T1566', 'T1571', 'T1573', 'T1574']
031a3afdd1daef3a998dd554bae5d0f4['T1071', 'T1571']
03201296d17c9fbe0a47975536cab87b['T1070', 'T1071', 'T1082', 'T1083', 'T1105', 'T1571', 'T1573']
03f1b1f14d5167e0b0946eafd3f2d45b['T1003', 'T1036', 'T1041', 'T1059', 'T1070', 'T1071', 'T1083', 'T1105', 'T1140', 'T1204', 'T1555', 'T1566', 'T1571', 'T1573']
040fcccc0cea63ac8c8a4b7193ec9f64['T1071', 'T1082', 'T1083', 'T1573']
043266075ad934451ed87a2db63679c6['T1003', 'T1036', 'T1059', 'T1071', 'T1083', 'T1105', 'T1204', 'T1566', 'T1571', 'T1573']
0435e6eaa2f8fccf2dc894aa19c3ab4b['T1003', 'T1036', 'T1059', 'T1070', 'T1071', 'T1083', 'T1105', 'T1140', 'T1204', 'T1555', 'T1571', 'T1573']
048101ffcef13d80831ff6185738a883['T1003', 'T1005', 'T1036', 'T1059', 'T1070', 'T1071', 'T1082', 'T1083', 'T1105', 'T1140', 'T1204', 'T1555', 'T1571', 'T1573']
04c1b0a8735bc02f52be96b7ecb65ec8['T1003', 'T1036', 'T1059', 'T1071', 'T1083', 'T1566', 'T1571', 'T1573']
04d27108606594d7c8c8bbb46fe940ac['T1059', 'T1071', 'T1082', 'T1566', 'T1571', 'T1573']
052d868f73a78afd1c98b067cb7b82a9['T1071', 'T1083', 'T1105', 'T1571', 'T1573']
0590f93043b626e03d1e3088066ff409['T1071', 'T1083', 'T1571']
05a3c9eaa88c0c39116f061d93dd3b92['T1003', 'T1036', 'T1059', 'T1070', 'T1071', 'T1083', 'T1105', 'T1140', 'T1204', 'T1555', 'T1571', 'T1573']
0638634920e3005cb9b2d905c57e0a69['T1059', 'T1071', 'T1082', 'T1566', 'T1571', 'T1573']
06aac2255da47fdfb0abbd8217ffc7e0['T1071', 'T1573']
06cac18a9d4ab7d16b1397aaf224b192['T1003', 'T1005', 'T1021', 'T1036', 'T1041', 'T1059', 'T1070', 'T1071', 'T1082', 'T1083', 'T1105', 'T1132', 'T1140', 'T1204', 'T1555', 'T1560', 'T1566', 'T1571', 'T1573']
06aac2255da47fdfb0abbd8217ffc7e0['T1071']
06cac18a9d4ab7d16b1397aaf224b192['T1003', 'T1005', 'T1021', 'T1036', 'T1041', 'T1059', 'T1070', 'T1071', 'T1082', 'T1083', 'T1105', 'T1132', 'T1140', 'T1204', 'T1555', 'T1560', 'T1566', 'T1571', 'T1573']
07187b85f7cca62dc6b1d405b45d0de6['T1071', 'T1573']
0783164a7522a7a83e1ab376e2203cb5['T1003', 'T1005', 'T1021', 'T1036', 'T1053', 'T1059', 'T1070', 'T1071', 'T1082', 'T1083', 'T1105', 'T1140', 'T1204', 'T1555', 'T1571', 'T1573']
07d4f6ed6a3750670a8a087488fe109a['T1071', 'T1573']
07dc07649e8bf22d3b3d828c03cab7ba['T1059', 'T1071', 'T1083', 'T1571', 'T1573']
07eca494c512590bd68abc7dc6958f89['T1059', 'T1071', 'T1083', 'T1105', 'T1566', 'T1571', 'T1573']
083d6d81fdfa351d0494fe3012c41c93['T1003', 'T1036', 'T1059', 'T1070', 'T1071', 'T1082', 'T1083', 'T1105', 'T1140', 'T1204', 'T1555', 'T1566', 'T1571', 'T1573']
0841a2e9c6f70fb2b39be2e2e0d2943a['T1003', 'T1036', 'T1059', 'T1070', 'T1071', 'T1083', 'T1105', 'T1140', 'T1204', 'T1555', 'T1571', 'T1573']
08425e5a40512c2b552780dc8c41f2ce['T1003', 'T1005', 'T1021', 'T1036', 'T1059', 'T1070', 'T1071', 'T1082', 'T1083', 'T1105', 'T1140', 'T1204', 'T1555', 'T1566', 'T1571', 'T1573']
08434034f17efe54584bc0cebe315808['T1003', 'T1005', 'T1021', 'T1036', 'T1059', 'T1070', 'T1071', 'T1083', 'T1105', 'T1140', 'T1204', 'T1218', 'T1555', 'T1566', 'T1571', 'T1573', 'T1574']
08464341803e09409a9c7780169af244['T1003', 'T1036', 'T1059', 'T1070', 'T1071', 'T1083', 'T1105', 'T1140', 'T1204', 'T1555', 'T1566', 'T1571', 'T1573']
084c13a8134c54a66ef775c3ca9304ab['T1003', 'T1005', 'T1021', 'T1036', 'T1059', 'T1070', 'T1071', 'T1083', 'T1105', 'T1140', 'T1204', 'T1218', 'T1555', 'T1566', 'T1571', 'T1573', 'T1574']
089eb68ea3907616705078b9c6ebf429['T1003', 'T1036', 'T1059', 'T1070', 'T1071', 'T1083', 'T1105', 'T1140', 'T1204', 'T1555', 'T1571', 'T1573']
092188d7010fc1621afe8924879b47d6['T1003', 'T1036', 'T1059', 'T1070', 'T1071', 'T1083', 'T1105', 'T1140', 'T1204', 'T1555', 'T1571', 'T1573']
0951dcf8cd8a417ffa7e84bef0bd6af1['T1003', 'T1036', 'T1059', 'T1070', 'T1071', 'T1083', 'T1105', 'T1140', 'T1204', 'T1555', 'T1566', 'T1571', 'T1573']
09689cc4abffbf24cbbc966dcb7a6952['T1059', 'T1070', 'T1071', 'T1082', 'T1083', 'T1105', 'T1566', 'T1571', 'T1573']
09716e355b2c91a36b2790ed65b5fc8e['T1003', 'T1036', 'T1059', 'T1070', 'T1071', 'T1082', 'T1083', 'T1105', 'T1140', 'T1204', 'T1555', 'T1571', 'T1573']
0971a14713966daf55184ba09a13ded4['T1003', 'T1036', 'T1059', 'T1070', 'T1071', 'T1083', 'T1105', 'T1140', 'T1204', 'T1555', 'T1571', 'T1573']
09929f341d3d76a6d6ef19845e18f085['T1053', 'T1071', 'T1082', 'T1571']
09983f836ca851f20cef82e52267aec7['T1003', 'T1036', 'T1059', 'T1070', 'T1071', 'T1082', 'T1083', 'T1105', 'T1204', 'T1566', 'T1571', 'T1573']
09b330006deb153c084186ce3d94a6b5['T1071', 'T1573']
0a84e7a880901bd265439bd57da61c5d['T1059', 'T1071', 'T1082', 'T1571', 'T1573']
0ad0d4afa2ca3a143e7559ecb215f203['T1071', 'T1082', 'T1571', 'T1573']
0b07543c335c9095c738e7fd63195919['T1003', 'T1036', 'T1059', 'T1070', 'T1071', 'T1083', 'T1105', 'T1140', 'T1204', 'T1555', 'T1566', 'T1571', 'T1573']
0b1cf085bcba55d5ab24789e5bda8824['T1003', 'T1005', 'T1021', 'T1036', 'T1053', 'T1059', 'T1070', 'T1071', 'T1082', 'T1083', 'T1105', 'T1204', 'T1566', 'T1571', 'T1573']
0b517bf52d62dc335b37bf13344a960d['T1059', 'T1070', 'T1071', 'T1083', 'T1105', 'T1571', 'T1573']
0ba73b46481f1ecc58d1f8341a6803d2['T1003', 'T1036', 'T1059', 'T1070', 'T1071', 'T1082', 'T1083', 'T1105', 'T1140', 'T1204', 'T1555', 'T1571', 'T1573']
0bbc86d9628684781c2d9df58e67d8e2['T1003', 'T1005', 'T1021', 'T1036', 'T1041', 'T1053', 'T1059', 'T1070', 'T1071', 'T1082', 'T1083', 'T1105', 'T1140', 'T1204', 'T1555', 'T1566', 'T1571', 'T1573']
0c20c3776c7d7124d1d550dba7746f31['T1003', 'T1036', 'T1059', 'T1070', 'T1071', 'T1083', 'T1105', 'T1204', 'T1566', 'T1571', 'T1573']
0c559a0fd210f5165514589219972846['T1036', 'T1070', 'T1071', 'T1082', 'T1083', 'T1571', 'T1573']
0c9c107a9ca271dde28444bdd856883d[]
0cade4e7e837d8af18b4e1f464a0dd2d['T1071', 'T1571', 'T1573']
0cf494436aead68b5cb36da1fd33483f['T1003', 'T1036', 'T1059', 'T1070', 'T1071', 'T1083', 'T1105', 'T1140', 'T1204', 'T1555', 'T1566', 'T1571', 'T1573']
0d3acb5b56b1ba5afa54263d0bcd059a['T1071', 'T1083', 'T1571', 'T1573']
0d43e193d0268c4a9e82c9d67e4aff32['T1071', 'T1571', 'T1573']
0da2a0fe976f02a459bea62ad59f0207['T1003', 'T1021', 'T1036', 'T1059', 'T1070', 'T1071', 'T1082', 'T1083', 'T1105', 'T1204', 'T1547', 'T1566', 'T1571', 'T1573']
0da8b2210e644ea4ebba0e4ea45c4d9a['T1003', 'T1005', 'T1021', 'T1036', 'T1041', 'T1059', 'T1070', 'T1071', 'T1082', 'T1083', 'T1105', 'T1140', 'T1204', 'T1555', 'T1566', 'T1571', 'T1573']
0dd7ed3442f7afa1ae4424d6d5313d38['T1071', 'T1083', 'T1571', 'T1573']
0ddeacefce756b3a4991167aac2a0603['T1059', 'T1071', 'T1083', 'T1566', 'T1571', 'T1573']
0e145ca418aa2e7e36630510b7942c38['T1003', 'T1036', 'T1059', 'T1070', 'T1071', 'T1083', 'T1105', 'T1140', 'T1204', 'T1555', 'T1571', 'T1573']
